Winner17,leaveHanretty,Majority17,c11Degree,mp_first_start,frontbench,in_experiment,in_experimentn,Region
2,60.12448399,50.381748226523996,8.289717738232971,2015-05-08,FALSE,Excluded (no letters),Excluded,10
1,52.197117309999996,1.9751166407465006,14.15231858033168,2010-05-06,FALSE,Excluded (no letters),Excluded,10
4,43.09220874,11.260440188263459,NA,2015-05-08,TRUE,Excluded (no letters),Excluded,11
1,32.1431052,10.680331737576697,NA,2017-06-09,FALSE,Excluded (no letters),Excluded,11
1,38.51948274,15.39951573849879,NA,2017-06-09,FALSE,Excluded (no letters),Excluded,11
4,39.83812657,0.513130887848008,NA,2015-05-08,TRUE,Excluded (no letters),Excluded,11
1,57.89776574,23.43820224719101,13.870660903278628,2017-06-09,FALSE,Excluded (no letters),Excluded,8
1,67.79634958,35.558593264570646,9.974113710262966,2015-05-08,FALSE,Excluded (no letters),Excluded,5
1,38.58779999,12.172759992422808,28.60013482679942,1997-05-01,FALSE,Included (letters sent),Included,2
2,58.053368750000004,11.695710455764075,10.468670402445236,2001-06-07,FALSE,Excluded (no letters),Excluded,10
1,65.29912472,18.117919277029536,9.336294171195277,2010-05-06,FALSE,Excluded (no letters),Excluded,4
1,48.2443342,6.580911624203821,NA,2017-06-09,FALSE,Excluded (no letters),Excluded,11
5,35.845442979999994,0.32614861032331255,18.349268841394824,2001-06-07,TRUE,Excluded (no letters),Excluded,10
4,39.43239691,2.762695292184152,NA,2015-05-08,TRUE,Excluded (no letters),Excluded,11
1,49.70110581,39.6358868826341,18.775591482159083,2005-05-05,FALSE,Included (letters sent),Included,8
2,70.47288884,0.8821234972896206,6.085456891665361,2010-05-06,TRUE,Excluded (no letters),Excluded,4
1,59.861947439999994,29.188864209489136,13.12173104707292,1997-05-01,FALSE,Excluded (no letters),Excluded,8
2,61.80980255,28.398662409172054,7.89954526095976,2015-05-08,TRUE,Excluded (no letters),Excluded,2
1,51.787909840000005,24.93237840872361,17.79894006574868,1992-04-09,TRUE,Excluded (no letters),Excluded,8
1,44.11155085,6.001471160919043,NA,2017-06-09,FALSE,Excluded (no letters),Excluded,11
4,41.62213279,2.810122651762149,NA,2015-05-08,TRUE,Excluded (no letters),Excluded,11
4,42.396587540000006,7.659224590474986,NA,2015-05-08,TRUE,Excluded (no letters),Excluded,11
1,50.34779774,20.140671193268574,16.700323749078436,2015-05-08,FALSE,Excluded (no letters),Excluded,8
1,61.37734628,8.868237158706146,NA,2017-06-09,FALSE,Excluded (no letters),Excluded,11
2,59.974879560000005,45.31974244426267,14.440739212384148,1994-06-19,FALSE,Excluded (no letters),Excluded,7
2,68.18813044000001,39.7728144907514,8.134895095893938,2011-03-04,FALSE,Excluded (no letters),Excluded,3
2,70.98499348,32.57553462821268,6.520968533566014,2017-06-09,FALSE,Excluded (no letters),Excluded,3
2,57.27870645000001,0.4391678924143727,10.665089272358884,2010-05-06,FALSE,Excluded (no letters),Excluded,2
1,67.13587731,29.832138563604794,10.88123572039303,2001-06-07,FALSE,Excluded (no letters),Excluded,6
1,72.99557169,24.384550084889646,7.1553520438350535,2010-05-06,FALSE,Excluded (no letters),Excluded,6
1,53.59878197,16.915654038598998,16.51957403532561,2005-05-05,FALSE,Excluded (no letters),Excluded,8
2,68.32275495,9.286124401913876,9.035628338322475,2001-06-07,FALSE,Included (letters sent),Included,4
3,31.72454892,11.483774680838192,28.903857118232807,2017-06-09,FALSE,Excluded (no letters),Excluded,9
2,59.628397629999995,16.662328002975084,10.560814873324452,2016-10-20,TRUE,Excluded (no letters),Excluded,3
2,22.04674055,4.388099822005884,51.09832346594367,2017-06-09,TRUE,Excluded (no letters),Excluded,7
1,49.00626733,43.80488327264939,24.833287885173156,1997-05-01,FALSE,Excluded (no letters),Excluded,8
1,48.38170491,29.221382916908773,23.163569983160457,2010-05-06,FALSE,Included (letters sent),Included,7
2,51.94916653,1.6274752475247525,15.433037757083317,2017-06-09,FALSE,Included (letters sent),Included,6
1,52.880453630000005,33.233551902182526,18.280117823984888,2005-05-05,FALSE,Included (letters sent),Included,6
1,53.437605489999996,32.485207100591715,17.332798482969878,1983-06-09,TRUE,Included (letters sent),Included,6
1,58.0834155,25.46598364338995,13.610225982492766,2001-06-07,FALSE,Excluded (no letters),Excluded,6
2,26.05032728,22.166401804480444,38.625201532110005,2015-05-08,FALSE,Included (letters sent),Included,7
1,55.297815400000005,27.909125367194164,13.786678357811669,2015-05-08,FALSE,Excluded (no letters),Excluded,1
1,43.25868135,21.120171100120306,NA,2017-06-09,FALSE,Excluded (no letters),Excluded,11
2,30.85839516,59.160885917258675,35.43337936979029,2010-05-06,FALSE,Included (letters sent),Included,7
1,58.739475559999995,25.23814659045976,14.349306416102214,2005-05-05,TRUE,Excluded (no letters),Excluded,3
1,57.721214610000004,37.26963949421577,12.889760970388869,2015-05-08,FALSE,Excluded (no letters),Excluded,8
1,65.25513745,20.077895062957797,11.29936195895844,1983-06-09,FALSE,Excluded (no letters),Excluded,7
2,51.707606500000004,58.43391429814717,10.872777941983701,1979-05-03,FALSE,Excluded (no letters),Excluded,2
2,47.34707048,15.860313675135284,24.15349314808007,2017-06-09,TRUE,Excluded (no letters),Excluded,5
2,62.97289172,19.57438804847247,9.999342926604902,2010-05-06,TRUE,Excluded (no letters),Excluded,5
2,33.56875091,62.50046032038299,20.41796920226931,1992-04-09,FALSE,Excluded (no letters),Excluded,5
2,51.48416727,66.8750269431392,7.510217581327222,2004-07-15,TRUE,Excluded (no letters),Excluded,5
2,35.62267156,69.51364175563464,19.71554987159521,2010-05-06,FALSE,Excluded (no letters),Excluded,5
2,61.788245100000005,10.523586182014972,11.268351080587234,1992-04-09,FALSE,Excluded (no letters),Excluded,5
2,51.21731706,41.59332081362989,12.263932124763475,2001-06-07,TRUE,Excluded (no letters),Excluded,5
2,46.90743133,31.044197203225476,19.45510225632722,1997-05-01,FALSE,Excluded (no letters),Excluded,5
2,60.094807630000005,37.243269965394816,9.220723218135895,2015-05-08,FALSE,Excluded (no letters),Excluded,5
2,60.88597515000001,1.1598622952334743,9.705694710271558,2005-05-05,TRUE,Excluded (no letters),Excluded,1
2,53.729257249999996,42.866463222140375,10.110496553942859,2015-05-08,TRUE,Excluded (no letters),Excluded,2
2,50.039203789999995,48.86445790641438,13.597108571701218,1997-05-01,FALSE,Excluded (no letters),Excluded,2
1,66.91034244000001,4.933304070036823,7.852177306297062,2010-05-06,TRUE,Excluded (no letters),Excluded,2
2,67.81412457,7.2182645266500725,6.377482051128,1997-05-01,TRUE,Excluded (no letters),Excluded,2
2,62.02804437,36.76815711462451,6.367648854695488,2010-05-06,FALSE,Excluded (no letters),Excluded,10
2,56.12462434,28.02803427335496,12.668932810658188,2017-06-09,FALSE,Included (letters sent),Included,1
2,60.494853260000006,18.627912449988234,8.623995006613265,1987-06-11,FALSE,Excluded (no letters),Excluded,1
1,64.79230497,34.066832840006235,8.914555239765374,1997-05-01,TRUE,Excluded (no letters),Excluded,8
2,70.3942464,11.36739826737462,7.23094965011534,1970-06-18,FALSE,Included (letters sent),Included,4
2,58.11275967,8.403603125069163,12.481112118464793,1997-05-01,FALSE,Excluded (no letters),Excluded,2
2,63.0276743,31.013869527207426,9.211763808749142,2010-05-06,TRUE,Excluded (no letters),Excluded,2
1,55.55402654,1.833352920437184,15.85143749186939,2015-05-08,FALSE,Excluded (no letters),Excluded,2
2,54.79967454,71.98536430162265,9.009428618185023,2015-05-08,TRUE,Excluded (no letters),Excluded,2
1,75.64987141,38.64828937242007,5.777057403814301,2015-05-08,FALSE,Excluded (no letters),Excluded,4
1,60.829363859999994,32.67162797322319,12.877410417207813,1987-06-11,FALSE,Excluded (no letters),Excluded,4
1,53.69069461,16.32522933892797,16.655709220690788,2005-05-05,TRUE,Excluded (no letters),Excluded,9
1,57.73176661,17.325364549396724,13.903154805575934,2010-05-06,FALSE,Excluded (no letters),Excluded,9
1,53.2448746,28.655263722894155,18.498579153727174,2010-05-06,FALSE,Excluded (no letters),Excluded,8
2,55.15782934,45.02213844197975,9.917874396135266,2015-05-08,TRUE,Excluded (no letters),Excluded,3
2,63.56121775,16.32195668591196,8.98851957559546,2015-05-08,TRUE,Excluded (no letters),Excluded,3
2,46.74085444,48.10665963802495,13.909338383240621,2015-05-08,TRUE,Excluded (no letters),Excluded,3
1,61.51564016,35.20620723923098,10.870479126590824,2015-05-08,TRUE,Excluded (no letters),Excluded,6
1,51.85508645,19.446460540959016,15.004413062665488,2015-05-08,FALSE,Excluded (no letters),Excluded,10
2,42.88758826,53.535643261434906,22.7068842228434,2005-05-05,TRUE,Excluded (no letters),Excluded,7
2,42.61175105,30.22641910566225,24.716400042479652,1997-05-01,TRUE,Excluded (no letters),Excluded,7
2,43.30890315,19.766668289279398,34.21462196176386,2015-05-08,FALSE,Excluded (no letters),Excluded,7
1,61.18928689999999,45.36382536382536,16.772826573316138,2017-06-09,FALSE,Included (letters sent),Included,6
2,50.27662392,10.865795861750087,14.28593186006488,2005-05-05,FALSE,Excluded (no letters),Excluded,10
1,62.06398322,26.512434139392795,10.131978774547598,2001-06-07,FALSE,Included (letters sent),Included,9
1,66.22691693,27.438577801451498,9.665526522372996,2010-05-06,FALSE,Excluded (no letters),Excluded,3
2,43.5923134,20.054057349564086,18.32755067435369,2017-06-09,FALSE,Included (letters sent),Included,8
7,25.9335501,25.48061088286789,32.39382019269141,2010-05-06,FALSE,Included (letters sent),Included,8
2,46.795271830000004,26.366660761038602,14.363888636746761,2005-05-05,FALSE,Excluded (no letters),Excluded,9
2,38.85281199,8.801020408163266,22.42806757007611,2017-06-09,FALSE,Excluded (no letters),Excluded,9
2,47.95283789,29.397594792394543,17.2730009494477,2015-05-08,FALSE,Excluded (no letters),Excluded,9
2,20.71150843,52.139425762484635,40.50016608930859,2015-05-08,FALSE,Excluded (no letters),Excluded,9
1,54.10084801,28.25749048614461,11.59843559528647,1997-05-01,FALSE,Excluded (no letters),Excluded,6
1,49.82886934,20.552055205520553,22.42355605889015,2006-06-30,FALSE,Excluded (no letters),Excluded,7
1,55.36512794,30.668023686158403,17.362885341149312,2010-05-06,TRUE,Excluded (no letters),Excluded,5
1,65.53477318,33.25681794250816,10.98249826246288,2005-05-05,FALSE,Excluded (no letters),Excluded,6
1,52.5137019,1.5547308496072638,19.890105706635534,2010-05-06,FALSE,Excluded (no letters),Excluded,4
9,48.87086722,48.83350101558496,22.673743572731798,1997-05-01,FALSE,Excluded (no letters),Excluded,8
2,66.61279897,15.768180689997518,8.590431237931774,2015-05-08,TRUE,Excluded (no letters),Excluded,2
1,64.79315747999999,20.129831099356853,11.696005212166547,2010-05-06,FALSE,Excluded (no letters),Excluded,5
2,53.66703123999999,9.13303968436215,15.136182888416972,2017-06-09,FALSE,Excluded (no letters),Excluded,2
2,54.51175263,11.69837222984899,15.644447873270586,1997-05-01,FALSE,Excluded (no letters),Excluded,2
1,53.99247144,29.666988416988417,14.319190789968719,2015-05-08,FALSE,Excluded (no letters),Excluded,6
2,55.135971299999994,29.246676514032494,11.39236861051116,2001-06-07,TRUE,Excluded (no letters),Excluded,10
3,51.339391,6.61467266431507,NA,2017-06-09,FALSE,Excluded (no letters),Excluded,11
1,53.16421306,1.0490233231129638,18.557388766454224,2010-05-06,FALSE,Excluded (no letters),Excluded,3
2,31.481770320000003,64.99686476694768,30.245698750202887,1982-10-28,FALSE,Included (letters sent),Included,7
1,58.41285279,3.254498926861483,10.74775644666591,2010-05-06,TRUE,Excluded (no letters),Excluded,9
2,26.225273100000003,22.63560625022348,41.00992855908864,2015-05-08,FALSE,Included (letters sent),Included,6
1,69.3543227,39.9181743112379,6.907085829424446,2010-05-06,TRUE,Excluded (no letters),Excluded,6
1,56.934097019999996,28.141457392445812,13.881266649307989,2005-05-05,TRUE,Excluded (no letters),Excluded,6
1,38.4889637,24.570266773458197,30.097274718788665,2015-05-08,FALSE,Excluded (no letters),Excluded,6
1,45.304818759999996,25.646804863337675,23.144534417332455,2015-05-08,TRUE,Excluded (no letters),Excluded,6
1,68.86035313,17.52799131016043,7.599934199703899,2015-05-08,FALSE,Excluded (no letters),Excluded,5
2,45.32740482,0.32922535211267606,20.43752784811502,2017-06-09,FALSE,Excluded (no letters),Excluded,8
2,32.014578449999995,42.59915277330493,26.477426473485792,2015-05-08,FALSE,Excluded (no letters),Excluded,10
2,39.14785439,8.023528507170044,25.939115132536127,2017-06-09,FALSE,Excluded (no letters),Excluded,10
2,42.81719786,29.296751813308102,21.17264602728872,2012-11-16,FALSE,Excluded (no letters),Excluded,10
2,43.8226362,26.916725642840294,23.381671812968683,2001-06-07,TRUE,Excluded (no letters),Excluded,10
1,60.6437746,6.036324786324786,10.656706339157592,2010-05-06,FALSE,Included (letters sent),Included,2
5,53.20823588,9.524970143069536,14.212696357378949,2010-05-06,TRUE,Excluded (no letters),Excluded,10
1,55.16311742,7.365130488324728,13.109956493160976,2010-05-06,FALSE,Excluded (no letters),Excluded,10
3,56.26121404,2.697377494926408,16.676856011270303,1997-05-01,FALSE,Excluded (no letters),Excluded,7
1,72.69939242,42.209796466114966,6.02253151404118,2010-05-06,FALSE,Excluded (no letters),Excluded,6
5,45.37013739,0.2615233736515201,17.866196747665864,2017-06-09,FALSE,Excluded (no letters),Excluded,10
1,57.8746718,29.616137451065683,15.382735108709635,2015-05-08,TRUE,Excluded (no letters),Excluded,4
1,63.90539181,23.296948095344174,9.10369251601479,2010-05-06,FALSE,Excluded (no letters),Excluded,8
1,42.65303264,8.258814043832002,23.503433418607784,2015-05-08,FALSE,Excluded (no letters),Excluded,2
1,50.68320063,23.869152303904325,18.034072946548797,2017-06-09,FALSE,Excluded (no letters),Excluded,6
1,29.09905564,19.43600455753893,47.0916611552646,2005-05-05,FALSE,Included (letters sent),Included,7
1,42.89897606,4.506068897775907,25.69405262248834,2015-05-08,FALSE,Excluded (no letters),Excluded,9
1,44.98498396,40.070947658003334,27.84918362084176,1992-04-09,FALSE,Included (letters sent),Included,8
2,42.27570868,16.26344800694777,23.020650179036668,2015-05-08,TRUE,Excluded (no letters),Excluded,2
2,59.293253199999995,20.04089552861644,10.709049626986701,2010-05-06,FALSE,Excluded (no letters),Excluded,4
1,50.732770689999995,37.75326279248306,19.007933327991026,2017-06-09,FALSE,Excluded (no letters),Excluded,8
1,49.88047103,5.191541917761547,19.864423022718306,1992-04-09,FALSE,Included (letters sent),Included,7
1,51.58581819,29.10395519775989,17.289616921147555,2015-05-08,FALSE,Excluded (no letters),Excluded,9
1,41.074577950000005,0.6369196903812496,29.205740346338686,2005-05-05,FALSE,Included (letters sent),Included,7
2,56.745851,13.502534421396986,15.474955926578865,1997-05-01,FALSE,Excluded (no letters),Excluded,2
1,59.96396120000001,49.71165619939171,11.259257193065647,1983-06-09,FALSE,Excluded (no letters),Excluded,9
1,28.053672849999998,8.14404718787189,48.299801062367976,2001-06-07,TRUE,Included (letters sent),Included,7
1,73.0439705,35.85457016649677,5.098757212605415,2017-06-09,FALSE,Excluded (no letters),Excluded,6
1,69.50382101,21.737312933701194,8.680794667567532,2010-05-06,FALSE,Excluded (no letters),Excluded,3
2,59.883856300000005,11.624059347814484,11.801059446733372,2010-05-06,FALSE,Excluded (no letters),Excluded,10
1,53.01311812,8.45427264229842,13.417461146663184,2005-05-05,FALSE,Excluded (no letters),Excluded,10
2,38.77654749,3.5213143872113677,NA,2017-06-09,FALSE,Excluded (no letters),Excluded,11
1,51.51448181,10.602297133252405,16.56585677021039,2015-05-08,TRUE,Excluded (no letters),Excluded,6
2,50.05534919,1.5143992055610724,18.617802000250315,2017-06-09,FALSE,Included (letters sent),Included,3
1,52.61269112,22.441357969803132,18.01329549634768,2010-05-06,FALSE,Excluded (no letters),Excluded,2
1,59.19658371999999,3.948563840939269,11.954602774274905,2017-02-24,FALSE,Excluded (no letters),Excluded,2
1,60.14688934,4.483557511208894,10.991560701530902,2015-05-08,FALSE,Excluded (no letters),Excluded,4
1,60.19250026,14.133165829145728,11.492594729755723,2015-05-08,FALSE,Excluded (no letters),Excluded,9
1,55.098705790000004,32.772809258980914,13.415382099194503,2010-05-06,FALSE,Excluded (no letters),Excluded,9
1,47.924183799999994,42.710461961073335,21.180912717328585,1992-04-09,FALSE,Excluded (no letters),Excluded,9
2,57.774568179999996,33.49961296981164,11.906243031021491,2015-05-08,FALSE,Excluded (no letters),Excluded,5
2,58.37436003999999,17.211980180144035,14.388171687079335,1976-03-04,FALSE,Excluded (no letters),Excluded,5
2,50.37949289,16.905273458273946,18.77604762995191,1992-04-09,FALSE,Excluded (no letters),Excluded,5
1,58.4136714,4.8873152586875666,12.121964777821145,2010-05-06,FALSE,Excluded (no letters),Excluded,8
2,60.28912320999999,0.08722990531920694,13.232488103174786,2017-06-09,TRUE,Excluded (no letters),Excluded,2
2,50.31024068999999,9.899984235693893,19.942138420982083,2017-06-09,TRUE,Excluded (no letters),Excluded,7
2,41.16806604,54.28274323667041,20.903201036617556,2012-11-30,TRUE,Excluded (no letters),Excluded,7
1,45.80567492,18.61991282628924,23.219116818869466,2015-05-08,FALSE,Excluded (no letters),Excluded,7
4,36.98912494,9.727830629890722,NA,2015-05-08,TRUE,Excluded (no letters),Excluded,11
2,56.73223173,41.62631281051506,8.734127126875068,1984-05-03,FALSE,Excluded (no letters),Excluded,10
2,70.34795688,10.147677944288114,9.940750493745885,2001-06-07,FALSE,Excluded (no letters),Excluded,7
2,58.09965023,7.318651404600933,11.334852059772734,2010-05-06,TRUE,Excluded (no letters),Excluded,1
1,63.9834539,24.317645323104163,11.940225915883419,2010-05-06,FALSE,Excluded (no letters),Excluded,8
1,58.58949343,39.045685643964575,16.23382594417077,2010-05-06,TRUE,Excluded (no letters),Excluded,4
2,54.40888662,10.75650717946116,12.188375350140056,1992-04-09,FALSE,Excluded (no letters),Excluded,10
2,60.98402815,35.54887749690649,8.863248231225155,2005-05-05,TRUE,Excluded (no letters),Excluded,2
2,54.25037956999999,4.139957264957265,16.9346168881939,2010-05-06,FALSE,Excluded (no letters),Excluded,4
2,61.35345111,24.826733765947115,11.677537611883452,1974-10-10,FALSE,Excluded (no letters),Excluded,4
1,51.23541176999999,28.90197897964536,20.868903598873924,1986-05-08,FALSE,Excluded (no letters),Excluded,4
1,52.47070747,23.060888209485615,17.87834577994771,2010-05-06,FALSE,Excluded (no letters),Excluded,4
1,62.051672270000005,5.676855895196507,10.951803097053315,2017-06-09,FALSE,Excluded (no letters),Excluded,4
1,60.35100097,22.743250175751932,14.37886971413516,2010-05-06,TRUE,Excluded (no letters),Excluded,4
1,53.53419453,41.776530350048425,15.816457318636248,2010-05-06,TRUE,Excluded (no letters),Excluded,9
1,50.88695191,27.107392296521677,18.120248602630184,2010-05-06,TRUE,Excluded (no letters),Excluded,9
1,50.4076662,13.308601901228842,16.734172088195834,2001-06-07,FALSE,Excluded (no letters),Excluded,9
1,57.03847943,7.7766807288394215,11.474837809196412,2015-05-08,FALSE,Excluded (no letters),Excluded,9
1,55.07620277,29.92224303308928,14.48044386601822,1992-04-09,FALSE,Excluded (no letters),Excluded,9
1,57.1897604,34.778076664425015,13.10695760383426,2005-05-05,FALSE,Excluded (no letters),Excluded,9
2,57.146548519999996,5.873198337607215,13.037690419965736,2015-05-08,TRUE,Excluded (no letters),Excluded,3
2,68.48643718000001,11.23988866660868,8.294976613773681,1997-05-01,FALSE,Included (letters sent),Included,3
2,66.70483969,23.547322424693196,8.947789840567081,1997-05-01,FALSE,Included (letters sent),Included,3
2,71.65068615,33.14426167517489,6.378180901990425,2005-05-05,FALSE,Excluded (no letters),Excluded,3
1,57.083164769999996,31.788038297343224,13.704075968736404,2015-05-08,FALSE,Excluded (no letters),Excluded,9
1,56.60860284,46.25834469887302,14.394045601111353,2015-05-08,FALSE,Excluded (no letters),Excluded,9
1,59.44560911,22.531113936731785,11.275848614904408,2010-05-06,FALSE,Excluded (no letters),Excluded,9
1,51.0392986,32.03295412597738,16.766474520984552,1997-05-01,FALSE,Excluded (no letters),Excluded,9
1,63.00961235,12.386945310395259,10.338645168570318,2010-05-06,FALSE,Excluded (no letters),Excluded,8
2,71.43022556000001,0.05654073502955538,8.355372409127252,2005-05-05,FALSE,Excluded (no letters),Excluded,5
1,70.41731849,20.212320886936514,7.922309061363461,2015-05-08,FALSE,Excluded (no letters),Excluded,5
2,22.93742067,50.15050852287908,40.19095431309172,2015-05-08,FALSE,Excluded (no letters),Excluded,7
1,45.11085395,10.936258454621212,NA,2017-06-09,FALSE,Excluded (no letters),Excluded,11
1,44.645166780000004,19.281512948288537,NA,2005-05-05,TRUE,Excluded (no letters),Excluded,11
3,26.868196259999998,10.306750834925966,NA,2005-05-05,FALSE,Excluded (no letters),Excluded,11
4,38.005552980000004,5.190209377764671,NA,2015-05-08,TRUE,Excluded (no letters),Excluded,11
4,38.411670380000004,15.479407379798731,NA,2005-05-05,TRUE,Excluded (no letters),Excluded,11
4,40.74563339,13.604984874731752,NA,2015-05-08,TRUE,Excluded (no letters),Excluded,11
4,39.39283743,1.6545775338168989,NA,2015-05-08,TRUE,Excluded (no letters),Excluded,11
2,43.336733960000004,25.58563032861518,19.588357897871074,2005-05-05,TRUE,Included (letters sent),Included,1
2,60.304871989999995,29.893263099528696,10.185120502968914,2001-06-07,FALSE,Included (letters sent),Included,1
2,55.046200430000006,18.354139701891363,11.987688746251381,2017-06-09,TRUE,Included (letters sent),Included,1
5,47.428228839999996,15.98128377487808,13.158254952189132,2015-05-08,TRUE,Excluded (no letters),Excluded,10
2,29.15028059,24.948502041848865,40.139953008478905,2015-05-08,FALSE,Included (letters sent),Included,7
2,46.25609216,37.49904790920862,21.892535283115116,1997-05-01,TRUE,Excluded (no letters),Excluded,7
2,41.82634912,48.93122161922693,24.009486247518883,2007-07-20,FALSE,Excluded (no letters),Excluded,7
2,65.96337482999999,40.95259047409526,7.028414623351333,2010-05-06,FALSE,Included (letters sent),Included,1
2,46.269281289999995,70.42360461215192,22.948184070423277,1994-06-09,FALSE,Excluded (no letters),Excluded,7
4,36.9324131,7.145761709363795,NA,2015-05-08,TRUE,Excluded (no letters),Excluded,11
2,35.39559572,5.51737714306167,NA,2017-06-09,FALSE,Excluded (no letters),Excluded,11
3,57.54446064,2.8021595262974572,12.658441018962401,2010-05-06,FALSE,Excluded (no letters),Excluded,8
1,54.34589934,24.753840782122904,14.330307146090975,2015-05-08,TRUE,Excluded (no letters),Excluded,8
1,52.166668640000005,23.270133868547713,17.86779714240854,2015-05-08,FALSE,Excluded (no letters),Excluded,2
4,27.63678537,7.869402384945891,NA,2015-05-08,TRUE,Excluded (no letters),Excluded,11
4,21.79552346,2.8734615928702785,NA,2015-05-08,TRUE,Excluded (no letters),Excluded,11
2,22.15338737,32.42892976588629,NA,2010-05-06,FALSE,Excluded (no letters),Excluded,11
4,27.86164648,2.22109738813525,NA,2015-05-08,TRUE,Excluded (no letters),Excluded,11
3,28.76601964,5.659626858604034,NA,2017-06-09,FALSE,Excluded (no letters),Excluded,11
2,45.5096172,48.34241494573928,14.573151834457768,2015-05-08,TRUE,Excluded (no letters),Excluded,7
2,58.341978080000004,22.360077740042012,12.4961435983733,2015-05-08,TRUE,Excluded (no letters),Excluded,2
1,56.79310101,16.467367572469854,16.346012809856745,2010-05-06,FALSE,Excluded (no letters),Excluded,3
2,51.81526511,13.64099230852562,19.234347445741978,1997-05-01,FALSE,Excluded (no letters),Excluded,7
2,49.21544262,21.099557294347782,17.49006967093491,1997-05-01,FALSE,Excluded (no letters),Excluded,7
2,37.884815859999996,9.011339182254593,28.76071804643233,2017-06-09,FALSE,Included (letters sent),Included,7
1,61.01128584,35.92626873313771,16.5681238922024,1997-05-01,FALSE,Excluded (no letters),Excluded,6
1,47.78075706,34.5476327067796,23.42354161945541,2001-06-07,TRUE,Included (letters sent),Included,8
1,63.22379118,9.10789256945421,9.952372277021576,2015-05-08,FALSE,Included (letters sent),Included,4
2,54.630878530000004,22.521590500179922,16.252318662523184,2010-05-06,FALSE,Excluded (no letters),Excluded,7
1,41.56633024,38.932522308746364,31.372251705837755,2010-05-06,TRUE,Excluded (no letters),Excluded,8
2,44.82789363,29.079984843837398,19.408380713614182,1997-05-01,FALSE,Excluded (no letters),Excluded,9
4,42.10588228,9.149027114423237,NA,2015-05-08,TRUE,Excluded (no letters),Excluded,11
1,55.52010727,37.80650366576631,15.09469248319972,2015-05-08,TRUE,Excluded (no letters),Excluded,8
1,58.67045504,35.001708577056824,14.219142392866255,2015-05-08,FALSE,Excluded (no letters),Excluded,8
2,55.932005370000006,29.424632734267448,18.585636707547746,2011-12-16,FALSE,Excluded (no letters),Excluded,7
4,36.31478353,0.00478217206255081,NA,2015-05-08,TRUE,Excluded (no letters),Excluded,11
1,48.77303387,8.26397380773934,17.629077900581986,2010-05-06,FALSE,Excluded (no letters),Excluded,9
1,31.10078691,3.1631192135153188,38.19018723634172,2010-05-06,FALSE,Excluded (no letters),Excluded,7
1,61.64041021,26.175796178343948,11.155850307910944,2010-05-06,FALSE,Excluded (no letters),Excluded,8
1,57.88889683,18.35532288909923,12.493004253413924,2005-05-05,FALSE,Excluded (no letters),Excluded,9
1,56.728642969999996,25.405126218606753,16.4656704244225,2010-05-06,FALSE,Included (letters sent),Included,2
1,61.95582416999999,33.10257656781721,12.472965131613652,1983-06-09,FALSE,Excluded (no letters),Excluded,4
2,47.96281365,60.06688838234745,13.66542620944579,1997-05-01,FALSE,Excluded (no letters),Excluded,2
2,56.223255019999996,41.20846495499133,13.741275431874186,2010-05-06,FALSE,Included (letters sent),Included,1
2,56.29742908000001,9.082465848844858,13.989890970678523,1997-05-01,FALSE,Included (letters sent),Included,4
1,63.58208955,19.296881394777767,9.508822488497902,2010-05-06,FALSE,Excluded (no letters),Excluded,8
4,28.75060852,6.300022232103157,NA,2015-05-08,TRUE,Excluded (no letters),Excluded,11
4,43.837314109999994,0.20737709450865455,NA,2017-06-09,FALSE,Excluded (no letters),Excluded,11
4,21.62047426,3.166731395453052,NA,2015-05-08,FALSE,Excluded (no letters),Excluded,11
2,40.6576167,0.7616050354051928,NA,2017-06-09,TRUE,Excluded (no letters),Excluded,11
4,31.49285296,6.593038821954485,NA,2015-05-08,TRUE,Excluded (no letters),Excluded,11
4,28.19188863,4.5499438832772165,NA,2015-05-08,TRUE,Excluded (no letters),Excluded,11
4,40.86436703,0.16959692464243314,NA,2015-05-08,TRUE,Excluded (no letters),Excluded,11
4,47.61388839,8.0868338325206075,NA,2015-05-08,TRUE,Excluded (no letters),Excluded,11
1,58.90014719,10.208799541343788,10.983665089708113,2010-05-06,FALSE,Included (letters sent),Included,9
1,38.81886524,4.85610505727857,NA,2017-06-09,FALSE,Excluded (no letters),Excluded,11
1,61.815192620000005,34.7830480386411,10.19298514320723,2010-05-06,TRUE,Excluded (no letters),Excluded,8
2,49.30873269,7.172634720028085,18.797863843515575,2017-06-09,FALSE,Excluded (no letters),Excluded,10
1,60.995914129999996,35.50615800540703,13.086137645908668,2010-05-06,FALSE,Included (letters sent),Included,4
1,65.37720795,19.07667816396922,10.680055333234524,2005-05-05,FALSE,Excluded (no letters),Excluded,8
2,71.44662955,7.221080487598885,6.4069889275904055,2015-05-08,TRUE,Excluded (no letters),Excluded,3
1,71.50494733000001,18.0605264350111,5.501078396950394,2010-05-06,TRUE,Excluded (no letters),Excluded,6
2,35.6656796,39.00500885022408,32.48529643734367,2015-05-08,TRUE,Included (letters sent),Included,7
1,41.202344010000004,30.697724693292976,29.670531301246545,2005-05-05,TRUE,Excluded (no letters),Excluded,8
2,20.48078926,62.41607161888522,36.243777341982195,1987-06-11,TRUE,Excluded (no letters),Excluded,7
2,22.782261849999998,68.52440654695235,35.52502350851531,2005-05-05,FALSE,Excluded (no letters),Excluded,7
1,66.58986796,11.836679510579327,9.541105473663384,2010-05-06,FALSE,Excluded (no letters),Excluded,5
2,58.821653340000005,11.135968182948048,11.048933500627353,2015-05-08,FALSE,Excluded (no letters),Excluded,3
1,55.23170958,29.94751166407465,16.84625172591169,1987-06-11,FALSE,Excluded (no letters),Excluded,3
2,57.666868400000006,51.304576113736424,8.7028492479341,1997-05-01,FALSE,Excluded (no letters),Excluded,2
2,31.31363377,35.694327489856846,40.98747266258831,2005-05-05,FALSE,Excluded (no letters),Excluded,7
1,49.27436942,46.65752237943979,20.32919995849331,2010-05-06,TRUE,Excluded (no letters),Excluded,8
1,46.17891358,48.192687455533,24.48301040498605,2015-05-08,FALSE,Excluded (no letters),Excluded,8
1,54.75487561,38.588103178384266,15.685070318737335,2015-05-08,TRUE,Excluded (no letters),Excluded,8
2,23.725319340000002,26.64064238875477,47.37713867991746,2015-05-08,FALSE,Excluded (no letters),Excluded,7
1,52.36640286000001,21.578874266467587,17.025639781097183,2017-06-09,FALSE,Included (letters sent),Included,4
1,67.73231788000001,15.67809838112652,9.508864886896271,2010-05-06,FALSE,Excluded (no letters),Excluded,6
1,47.17935509,32.01973916108565,21.698045069337443,2010-05-06,TRUE,Included (letters sent),Included,3
1,47.47858454,3.455600354017111,23.555993558156864,2010-05-06,FALSE,Excluded (no letters),Excluded,7
2,45.05624317,26.440274054215074,28.940843503187025,1997-05-01,FALSE,Excluded (no letters),Excluded,7
2,69.56832972,18.28612405880244,8.320310394999192,2017-06-09,FALSE,Excluded (no letters),Excluded,1
1,58.99558448,28.071410414344655,12.98139848490858,1992-04-09,FALSE,Excluded (no letters),Excluded,6
1,55.93723936,0.6317788408866815,11.201496236874126,2010-05-06,TRUE,Excluded (no letters),Excluded,8
1,62.61790804,34.45178563717234,10.783541752859374,2015-05-08,FALSE,Excluded (no letters),Excluded,8
2,58.24500129,37.89590393707376,15.759435482908074,1997-05-01,TRUE,Excluded (no letters),Excluded,7
1,52.20859153000001,12.494335176289315,15.288104804569036,2015-05-08,FALSE,Excluded (no letters),Excluded,2
1,55.486561990000006,18.06549099116331,16.070708089570303,2005-05-05,FALSE,Excluded (no letters),Excluded,6
2,68.12554559,22.144349643043707,9.053427920735059,1996-02-01,TRUE,Excluded (no letters),Excluded,3
1,41.57417525,2.0530498898783875,26.53046378950212,2010-05-06,FALSE,Excluded (no letters),Excluded,7
1,43.08582018,39.0444666281371,26.398416221123778,2008-06-27,FALSE,Excluded (no letters),Excluded,8
1,60.41755815,29.738134854607402,13.308662280701755,2010-05-06,TRUE,Excluded (no letters),Excluded,5
1,58.018934290000004,43.05159734539729,16.53139207318774,2001-06-07,FALSE,Excluded (no letters),Excluded,5
1,49.23723453,31.729230564075213,22.385977254074334,2001-06-07,FALSE,Excluded (no letters),Excluded,6
1,51.43007318,30.289672544080602,19.60917321088471,1992-04-09,FALSE,Excluded (no letters),Excluded,6
1,46.195480100000005,32.23253590094472,26.307469215043028,2005-05-05,TRUE,Excluded (no letters),Excluded,6
1,50.83652561,32.44024266549289,20.56462218659586,2015-05-08,TRUE,Excluded (no letters),Excluded,6
1,45.33673575,19.980962270681896,22.061852428344576,2010-05-06,TRUE,Excluded (no letters),Excluded,1
2,62.42561164,15.275243156522611,10.604326154873482,2014-10-10,TRUE,Excluded (no letters),Excluded,2
2,50.54802765,4.31173750765974,17.90206407224253,2017-06-09,FALSE,Included (letters sent),Included,4
1,39.79351954,20.466801626320535,30.532312622396297,2017-06-09,FALSE,Included (letters sent),Included,6
2,26.658743629999996,51.712798955879116,39.91245767618112,2015-05-08,TRUE,Included (letters sent),Included,7
1,69.49469368,31.62280310464805,10.477120369598609,2017-06-09,FALSE,Included (letters sent),Included,7
2,24.98291003,49.34422808341226,44.64482419114278,2015-05-08,FALSE,Excluded (no letters),Excluded,7
1,49.486410060000004,37.88536305999645,19.07501952069193,2015-05-08,FALSE,Included (letters sent),Included,8
2,62.43418577999999,29.751687560270007,8.038342937671796,2010-05-06,FALSE,Included (letters sent),Included,1
2,32.94684477,32.56649767344955,28.667280302296287,2015-05-08,FALSE,Included (letters sent),Included,8
2,51.850841579999994,27.387416160970936,15.231384942169953,1979-05-03,FALSE,Included (letters sent),Included,3
2,72.83156301,28.374911294284622,5.538552803656415,2010-05-06,TRUE,Excluded (no letters),Excluded,3
2,59.789665670000005,38.580895425893004,12.35261823220308,2005-05-05,FALSE,Excluded (no letters),Excluded,3
2,67.99068009,23.217127151743092,8.599959826680822,2017-06-09,FALSE,Excluded (no letters),Excluded,3
1,53.48897030999999,24.238111185532485,16.526724251326346,2001-06-07,FALSE,Excluded (no letters),Excluded,6
2,65.81912778,12.86447502322906,9.408078468769157,2010-05-06,FALSE,Excluded (no letters),Excluded,2
2,53.30920424,18.2070606902023,21.254871686319433,2015-05-08,FALSE,Excluded (no letters),Excluded,7
2,43.30979986,54.88839169571777,24.583799166581972,1992-04-09,FALSE,Excluded (no letters),Excluded,7
4,36.20342137,0.9822730412094237,NA,2015-05-08,TRUE,Excluded (no letters),Excluded,11
4,40.1324389,9.325580954906156,NA,2015-05-08,TRUE,Excluded (no letters),Excluded,11
2,56.51572347,1.6250464438664762,12.890442625004269,2017-06-09,TRUE,Included (letters sent),Included,6
1,61.94633409,28.288510855408905,10.766595437282096,2017-06-09,FALSE,Excluded (no letters),Excluded,8
2,21.61112362,60.47006990969997,43.25415344409184,1983-06-09,FALSE,Included (letters sent),Included,7
2,28.28310011,42.17153322649795,42.761565511257245,2005-05-05,TRUE,Included (letters sent),Included,7
2,58.93991696999999,31.618319341700605,8.9261470516071,2010-05-06,FALSE,Excluded (no letters),Excluded,10
2,61.777349400000006,40.125049392185574,10.072352554264416,1997-05-01,FALSE,Included (letters sent),Included,1
2,53.32509525,0.4621572494875662,15.892207792207792,1997-05-01,FALSE,Excluded (no letters),Excluded,3
1,46.20568194,35.22144930924963,24.382207578253706,2005-05-05,TRUE,Included (letters sent),Included,5
2,31.20458613,0.05171031879411536,46.268414760177514,2017-06-09,FALSE,Included (letters sent),Included,7
1,60.988368859999994,21.378835721803902,12.319373337432662,2005-05-05,FALSE,Included (letters sent),Included,4
4,39.45466653,13.479111569803695,NA,2015-05-08,TRUE,Excluded (no letters),Excluded,11
3,40.8444531,6.632571005821995,29.29196763044063,1997-05-01,FALSE,Included (letters sent),Included,7
1,57.1216387,15.387456145749983,11.202823475835373,2010-05-06,TRUE,Excluded (no letters),Excluded,9
2,43.26145395,0.5606910137899682,NA,2017-06-09,TRUE,Excluded (no letters),Excluded,11
2,52.34216074,76.08456644377557,6.994977043048779,1986-11-13,FALSE,Excluded (no letters),Excluded,2
4,35.95620573,0.5270457697642164,NA,2015-05-08,TRUE,Excluded (no letters),Excluded,11
2,54.950812920000004,21.491478056224604,13.952288180422414,2005-05-05,FALSE,Excluded (no letters),Excluded,2
2,51.98908416,14.483898323512145,17.66915752517042,2015-05-08,TRUE,Excluded (no letters),Excluded,2
2,45.96096799,49.70947916011159,17.356885180191668,1999-06-10,FALSE,Excluded (no letters),Excluded,3
2,61.444348049999995,30.771458217707103,9.2887305539126,2015-05-08,TRUE,Excluded (no letters),Excluded,3
2,37.42284755,32.05909545463122,30.827504253652737,1997-05-01,TRUE,Excluded (no letters),Excluded,3
2,35.406096520000006,9.125672435024953,24.565285688918028,2017-06-09,FALSE,Excluded (no letters),Excluded,3
2,53.26613806,37.80577328376234,15.90606942122652,2010-05-06,FALSE,Excluded (no letters),Excluded,3
2,54.0619991,42.78193193956966,12.802412202908833,1987-06-11,FALSE,Excluded (no letters),Excluded,4
2,42.4353547,51.98448047192035,19.52712071140394,2011-05-06,TRUE,Excluded (no letters),Excluded,4
2,50.835991879999995,29.48389848581787,13.67979317321743,2010-05-06,FALSE,Excluded (no letters),Excluded,4
1,60.69847772,24.814628042061223,13.146679684923013,2010-05-06,FALSE,Excluded (no letters),Excluded,4
1,58.14205318,32.865282506306336,14.557436710806194,2015-05-08,FALSE,Excluded (no letters),Excluded,4
2,63.28780092,20.382301489098435,9.822961051431314,2017-06-09,TRUE,Excluded (no letters),Excluded,2
1,47.142173799999995,10.16386182462356,19.037148320131113,2015-05-08,FALSE,Included (letters sent),Included,8
2,24.426212319999998,63.323777035854256,34.308522303609806,2015-05-08,TRUE,Excluded (no letters),Excluded,7
2,35.37050455,44.941844452448045,25.641474735090636,2010-05-06,FALSE,Excluded (no letters),Excluded,7
2,35.37050455,44.941844452448045,25.641474735090636,2018-06-14,FALSE,Excluded (no letters),Excluded,7
2,34.59205781,43.540867734416125,28.56562712755157,2017-06-09,FALSE,Excluded (no letters),Excluded,7
2,34.755182,48.9615143048968,27.86201123998565,1997-05-01,FALSE,Excluded (no letters),Excluded,7
1,57.508902240000005,34.71526791719602,16.618708799832582,1992-04-09,FALSE,Included (letters sent),Included,5
2,57.432633730000006,3.1569440453220574,12.335348249729341,2017-06-09,TRUE,Excluded (no letters),Excluded,4
4,42.01830304,5.203765108567762,NA,2015-05-08,FALSE,Excluded (no letters),Excluded,11
2,27.30066196,74.85839233652645,24.013287595615488,1997-05-01,FALSE,Excluded (no letters),Excluded,2
2,52.16803564,77.14055501575942,7.16148445336008,2017-06-09,TRUE,Excluded (no letters),Excluded,2
2,35.26162544,67.52062328139323,18.56395763450516,2010-05-06,FALSE,Excluded (no letters),Excluded,2
2,49.820719759999996,72.86495582667227,9.314955203308063,1997-05-01,FALSE,Excluded (no letters),Excluded,2
4,43.26090286,7.385963241596039,NA,2015-05-08,TRUE,Excluded (no letters),Excluded,11
2,56.674596720000004,29.805165832135245,10.741493914468691,2005-05-05,TRUE,Excluded (no letters),Excluded,10
1,50.09042072,7.883947698899313,18.931032820858835,2010-05-06,FALSE,Excluded (no letters),Excluded,4
1,68.89943000999999,37.21930605825169,8.648622311009332,2015-05-08,TRUE,Excluded (no letters),Excluded,4
1,57.88401838,38.59515709425656,15.856619556216756,2005-05-05,FALSE,Excluded (no letters),Excluded,5
2,59.1531961,30.80948908240745,13.014107685569815,1997-05-01,FALSE,Excluded (no letters),Excluded,6
2,54.59717781,30.1844666507706,15.416608578465544,2010-05-06,FALSE,Excluded (no letters),Excluded,6
1,47.183797160000005,15.850626990995636,21.644051996478325,2010-05-06,FALSE,Included (letters sent),Included,2
1,45.02570105,45.42832122804306,27.461583635117943,1997-05-01,TRUE,Included (letters sent),Included,8
1,55.91719646999999,34.26919581568923,15.403947076650159,2010-05-06,FALSE,Excluded (no letters),Excluded,8
2,64.91008794999999,28.853898110071803,9.032954345807294,2010-05-06,TRUE,Excluded (no letters),Excluded,2
1,60.956032140000005,46.67144735269511,12.139974190714147,1992-04-09,FALSE,Excluded (no letters),Excluded,6
2,36.35657629,63.24416733708769,24.75189986589182,2012-11-16,FALSE,Included (letters sent),Included,2
2,38.21218401,69.04881074140971,20.854334390038087,2017-06-09,TRUE,Excluded (no letters),Excluded,2
2,24.93859855,55.73486063952837,38.669690642474855,2015-05-08,FALSE,Excluded (no letters),Excluded,2
1,70.86291353,2.1073828179516316,6.7573260930624475,2017-06-09,FALSE,Excluded (no letters),Excluded,4
1,51.927530919999995,47.40921169176262,17.33817925385481,2010-05-06,TRUE,Excluded (no letters),Excluded,8
1,58.80843468,35.13350291894662,15.501888361456636,1997-05-01,FALSE,Excluded (no letters),Excluded,5
2,58.354338829999996,48.69280071545685,7.994171769097279,2015-05-08,TRUE,Excluded (no letters),Excluded,10
2,66.08364664,38.92864158037994,9.700360962387451,2012-11-30,TRUE,Excluded (no letters),Excluded,1
1,65.26552985000001,2.141957160856783,11.322797428077264,2017-06-09,FALSE,Excluded (no letters),Excluded,1
2,37.94096947,1.9548075011596315,NA,2017-06-09,TRUE,Excluded (no letters),Excluded,11
1,49.66509051,3.0896064076090357,19.11870484847853,2005-05-05,TRUE,Excluded (no letters),Excluded,8
1,53.08140404,2.674999224637906,17.106315767881686,2010-05-06,FALSE,Excluded (no letters),Excluded,8
2,44.68652381,44.42204580406501,19.4070871046942,1997-05-01,FALSE,Excluded (no letters),Excluded,7
1,47.31132761,42.55015336882558,25.32666434027374,1992-04-09,FALSE,Excluded (no letters),Excluded,8
1,48.06450827,16.49977882334017,19.877561038998543,2005-05-05,FALSE,Excluded (no letters),Excluded,10
1,55.84294422,26.61144707804305,12.7131931166348,2010-05-06,FALSE,Excluded (no letters),Excluded,10
1,49.87319669,8.736477260791933,NA,2017-06-09,FALSE,Excluded (no letters),Excluded,11
1,58.185620549999996,3.0641522658080906,12.007063796651648,2010-05-06,FALSE,Excluded (no letters),Excluded,2
1,59.81727737,4.018564852837252,13.144005392412469,2015-05-08,FALSE,Included (letters sent),Included,3
4,37.710356090000005,0.7584792253017221,NA,2015-05-08,TRUE,Excluded (no letters),Excluded,11
4,43.9006772,6.795788905385342,NA,2005-05-05,FALSE,Excluded (no letters),Excluded,11
2,54.015405019999996,32.992033433459575,10.536543592108297,2015-05-08,TRUE,Excluded (no letters),Excluded,10
1,60.17814514,42.82015340886968,13.247734337088673,1997-05-01,FALSE,Excluded (no letters),Excluded,8
1,55.257656499999996,47.214218066778166,14.694037913760926,1997-05-01,FALSE,Excluded (no letters),Excluded,8
1,55.7006959,32.973002434504565,15.558507367229971,2014-06-06,TRUE,Excluded (no letters),Excluded,4
1,47.80556283,40.06639386021134,20.64281212800224,2005-05-05,FALSE,Excluded (no letters),Excluded,8
2,61.644986290000006,0.06842753524018065,12.992690850027072,2001-06-07,FALSE,Excluded (no letters),Excluded,5
2,48.00307977,40.26796786542298,20.00746696534528,2010-05-06,TRUE,Included (letters sent),Included,1
2,41.07125543,46.259336647693154,22.513460244207288,1983-06-09,FALSE,Included (letters sent),Included,1
2,56.8289241,21.431825712392314,17.316684234709044,2010-05-06,FALSE,Included (letters sent),Included,1
2,59.3309312,21.735469853340575,11.296693375465523,2005-05-05,FALSE,Excluded (no letters),Excluded,10
2,53.65707981,13.02546157742069,15.640363546179994,1987-06-11,FALSE,Excluded (no letters),Excluded,10
2,53.65707981,13.02546157742069,15.640363546179994,2019-04-04,FALSE,Excluded (no letters),Excluded,10
1,56.01337034,33.231984817088524,12.732616447515044,2010-05-06,FALSE,Excluded (no letters),Excluded,9
1,60.59812834,28.89631386074585,10.418849443239688,2010-05-06,FALSE,Included (letters sent),Included,6
3,58.400286720000004,6.729516363915076,10.311080523055747,2001-06-07,FALSE,Excluded (no letters),Excluded,6
1,65.77828611999999,28.247731044231834,8.915978238968366,1983-06-09,FALSE,Excluded (no letters),Excluded,6
1,50.88435338,27.291322347858816,14.9854660152143,2001-06-07,FALSE,Included (letters sent),Included,6
1,66.67395689,34.93589743589743,8.095238095238095,2010-05-06,TRUE,Excluded (no letters),Excluded,6
2,69.25528289,29.47490394584375,6.851260205892793,1997-05-01,FALSE,Excluded (no letters),Excluded,3
1,60.271290050000005,1.9986131061469115,12.650984461933179,2010-05-06,TRUE,Excluded (no letters),Excluded,4
1,58.995218810000004,2.824487010771555,13.568421613556431,2017-06-09,FALSE,Excluded (no letters),Excluded,4
1,53.33802045,35.1395427551617,18.96746274559985,2010-05-06,FALSE,Excluded (no letters),Excluded,4
1,56.72662157,1.1046955005991939,10.668547561751446,2009-07-24,TRUE,Excluded (no letters),Excluded,6
2,40.53030013,30.36663486438599,22.564646243084496,2015-05-08,TRUE,Excluded (no letters),Excluded,6
2,42.87932214,49.81310550003814,19.593736258367127,1997-05-01,FALSE,Included (letters sent),Included,4
2,63.80805601,29.123933296797933,7.0510412194074705,2017-06-09,FALSE,Excluded (no letters),Excluded,4
2,46.46776483,31.502836127906253,19.502070260810175,2010-05-06,FALSE,Included (letters sent),Included,4
1,64.50599311,10.287190396596262,9.756463810849919,2010-05-06,FALSE,Excluded (no letters),Excluded,5
1,39.5023841,6.201078127307635,NA,2017-06-09,FALSE,Excluded (no letters),Excluded,11
2,58.90245084,37.28362541662187,9.290710942797135,2016-05-06,FALSE,Excluded (no letters),Excluded,10
1,62.43048760999999,32.192664751675615,12.65862447125176,2005-05-05,TRUE,Excluded (no letters),Excluded,7
2,59.92043445,17.394816846312477,11.801430247077075,2011-01-14,FALSE,Excluded (no letters),Excluded,2
2,61.30829724,37.56005940421071,8.613515100456972,2015-12-04,TRUE,Included (letters sent),Included,2
3,40.281308249999995,19.60304162907591,NA,2001-06-07,FALSE,Excluded (no letters),Excluded,11
1,57.541498430000004,38.56641762945641,16.31323883690963,2010-05-06,FALSE,Excluded (no letters),Excluded,7
2,32.52633748,43.2017218346445,31.848114341335503,2017-06-09,TRUE,Excluded (no letters),Excluded,8
3,38.029240959999996,1.3595468177274241,34.25914274928791,2017-06-09,FALSE,Excluded (no letters),Excluded,8
4,35.54794429,5.6054917944867535,NA,2015-05-08,TRUE,Excluded (no letters),Excluded,11
4,34.79527931,6.091772151898734,NA,2015-05-08,TRUE,Excluded (no letters),Excluded,11
1,63.15429580000001,2.8514736701297543,10.416432347317512,2010-05-06,TRUE,Excluded (no letters),Excluded,2
2,60.65127663,2.6553116275332918,13.038906414300735,2005-05-05,FALSE,Excluded (no letters),Excluded,3
1,55.202409640000006,34.23714224230687,14.981859675814851,2010-05-06,TRUE,Included (letters sent),Included,2
4,39.90164644,0.040756914119359534,NA,2001-06-07,TRUE,Excluded (no letters),Excluded,11
2,61.30959473000001,1.2715237337131844,9.470023186485593,2017-06-09,FALSE,Excluded (no letters),Excluded,6
2,61.30959473000001,1.2715237337131844,9.470023186485593,2019-06-06,FALSE,Excluded (no letters),Excluded,6
1,66.44024003999999,11.050928066582998,6.876771310224547,2015-05-08,FALSE,Excluded (no letters),Excluded,9
2,54.40523532,13.292844867989375,15.996442615748926,2017-06-09,TRUE,Excluded (no letters),Excluded,9
2,46.51097855,28.69604451797263,15.32990430256872,2010-05-06,FALSE,Excluded (no letters),Excluded,10
1,57.4193151,28.503510531594785,14.721575966012542,1997-05-01,FALSE,Excluded (no letters),Excluded,9
2,34.20763699,47.11803312136566,37.41998821912429,1997-05-01,FALSE,Included (letters sent),Included,7
1,63.69341446,21.10781614064817,10.237773855259059,2010-05-06,TRUE,Excluded (no letters),Excluded,8
2,51.763034399999995,3.4869631557689718,18.220113515431006,2017-06-09,FALSE,Excluded (no letters),Excluded,8
1,55.3168878,0.7441287295305353,13.132393556729832,2005-05-05,FALSE,Excluded (no letters),Excluded,10
2,55.67265972999999,44.16945248195073,12.978109844016252,2000-11-23,FALSE,Excluded (no letters),Excluded,2
1,48.584363870000004,0.6134287143942623,21.99470140192074,2010-05-06,TRUE,Excluded (no letters),Excluded,3
1,27.76423307,3.313856783383802,44.21433182698515,2005-05-05,FALSE,Excluded (no letters),Excluded,7
1,67.65267372,42.38743379787792,9.065138040465111,2001-06-07,FALSE,Excluded (no letters),Excluded,6
2,38.253326539999996,6.786994460335276,29.647784632641617,2017-06-09,TRUE,Excluded (no letters),Excluded,8
1,51.51014618999999,5.555770196654175,18.2994914390162,2010-05-06,TRUE,Excluded (no letters),Excluded,8
2,67.6748838,22.286184210526315,7.657822249704874,2015-05-08,FALSE,Excluded (no letters),Excluded,1
1,60.98995823,16.28874189766166,11.127555395723258,2017-06-09,FALSE,Excluded (no letters),Excluded,5
1,47.97697869,32.725786373855044,23.572031164706466,1997-05-01,FALSE,Excluded (no letters),Excluded,8
1,25.68141894,8.7684692396442,NA,2017-06-09,FALSE,Excluded (no letters),Excluded,11
2,60.44990078,41.7354870051008,6.724687725727171,2001-06-07,FALSE,Excluded (no letters),Excluded,10
1,58.730891809999996,23.91123188405797,16.592783440053548,1992-04-09,FALSE,Excluded (no letters),Excluded,2
1,54.710436939999994,40.531106940522335,16.12881455069008,2015-05-08,TRUE,Excluded (no letters),Excluded,3
1,28.685631299999997,0.07105637138796779,46.227588573389376,2010-05-06,FALSE,Included (letters sent),Included,7
2,57.45003587000001,29.611941491487492,10.282466828810172,1983-06-09,TRUE,Excluded (no letters),Excluded,2
1,63.68812299,18.319105804459817,11.052128676080264,2015-05-08,TRUE,Excluded (no letters),Excluded,8
1,60.92034453,11.742295970199796,9.894572141712924,2005-05-05,FALSE,Excluded (no letters),Excluded,6
1,69.28564915999999,27.586897325004006,11.239607828019995,2001-06-07,FALSE,Excluded (no letters),Excluded,7
1,46.07558645,35.9998404085541,22.05013745610931,2010-05-06,TRUE,Included (letters sent),Included,8
4,43.49302937,15.392416913715087,NA,2015-05-08,FALSE,Excluded (no letters),Excluded,11
1,58.9357362,6.411994576920009,13.462205827538783,2010-05-06,TRUE,Excluded (no letters),Excluded,2
2,66.72198863999999,7.844325897187197,9.899565865353463,1983-06-09,FALSE,Excluded (no letters),Excluded,3
2,68.34596314,30.026632914062706,6.954516872773003,2012-11-30,FALSE,Excluded (no letters),Excluded,3
1,58.61758176000001,15.996571606669782,15.108992349390643,2010-05-06,FALSE,Excluded (no letters),Excluded,5
1,49.543845530000006,26.188602899853887,27.2500130814714,2005-05-05,TRUE,Excluded (no letters),Excluded,7
1,49.84697172,34.97451994807108,23.14264266053406,1997-05-01,FALSE,Included (letters sent),Included,8
1,41.46612381,13.736687760456862,27.941195484930375,1970-06-18,FALSE,Included (letters sent),Included,4
2,37.569901789999996,0.5209152382450071,NA,2017-06-09,FALSE,Excluded (no letters),Excluded,11
1,53.87786935,40.13271031284198,17.382049514410458,1992-04-09,TRUE,Excluded (no letters),Excluded,4
1,51.23953346,40.98767053569963,19.064063453325197,2017-06-09,FALSE,Excluded (no letters),Excluded,6
1,37.83228099,10.717919927014984,33.165316066328046,2005-05-05,FALSE,Excluded (no letters),Excluded,6
1,64.06363369,20.55264517081089,9.52655534971598,2015-05-08,FALSE,Excluded (no letters),Excluded,9
2,58.392857799999994,36.64927720919119,10.298632430923806,2015-05-08,FALSE,Excluded (no letters),Excluded,2
2,56.053741050000006,46.02919487198881,9.985870200740596,2015-05-08,FALSE,Excluded (no letters),Excluded,2
1,54.766045399999996,0.60906570881974,14.016618943349615,2015-05-08,FALSE,Excluded (no letters),Excluded,9
2,53.59345748,40.17724017724017,17.36655273598488,2015-05-08,TRUE,Excluded (no letters),Excluded,2
1,49.90814012,32.51298981448482,18.380972810639783,2010-05-06,TRUE,Excluded (no letters),Excluded,9
1,61.31829001,6.8088564689091955,11.67243113302426,2005-05-05,TRUE,Included (letters sent),Included,3
2,68.67554724,8.534401273568479,7.8602986410156035,2010-05-06,FALSE,Excluded (no letters),Excluded,3
2,59.43575056,14.568055588949532,10.139870307365726,2007-07-20,FALSE,Included (letters sent),Included,1
2,44.08858731,29.989055089383438,16.39189038654339,2010-05-06,TRUE,Excluded (no letters),Excluded,2
1,57.652600799999995,24.55952635708681,15.667185546227063,2010-05-06,TRUE,Excluded (no letters),Excluded,3
1,54.040514200000004,42.79159670428365,21.003653041090047,1983-06-09,FALSE,Excluded (no letters),Excluded,8
2,59.97367924,45.72008598041557,9.413204430031206,2016-05-06,TRUE,Excluded (no letters),Excluded,3
2,31.911972570000003,57.95684775570733,27.48247838501627,2010-05-06,TRUE,Excluded (no letters),Excluded,3
2,34.006065140000004,3.726762539459839,31.73812656052836,2017-06-09,FALSE,Excluded (no letters),Excluded,3
2,57.16131008999999,31.266675711120158,13.957796815052296,2015-05-08,TRUE,Excluded (no letters),Excluded,3
2,66.31781806,27.06211579043949,8.41886082751209,1992-04-09,FALSE,Excluded (no letters),Excluded,3
1,63.65773924,9.740649126752118,10.183090166705677,2010-05-06,FALSE,Excluded (no letters),Excluded,4
1,52.211344520000004,8.766738458657178,19.66331179695745,2005-05-05,FALSE,Excluded (no letters),Excluded,3
1,52.92057793,11.38601103035926,16.23291585313586,2005-05-05,FALSE,Excluded (no letters),Excluded,5
1,59.848118549999995,29.41599669058796,12.855171768667711,1997-05-01,FALSE,Excluded (no letters),Excluded,5
1,65.36448876,29.599719784389656,7.5615815011724274,2010-05-06,FALSE,Excluded (no letters),Excluded,8
1,53.18714405,34.37510750283808,18.492782649048678,2010-05-06,TRUE,Excluded (no letters),Excluded,3
1,61.583166649999995,38.35585209052084,12.49835936474603,2016-12-08,FALSE,Excluded (no letters),Excluded,4
2,54.05691498,31.306750161156643,17.906796230975562,2017-06-09,FALSE,Excluded (no letters),Excluded,8
1,53.34830853,36.24973567350391,18.738104066246446,2015-05-08,FALSE,Excluded (no letters),Excluded,5
1,47.58369914,27.588153692292806,19.696574670689163,1992-04-09,TRUE,Excluded (no letters),Excluded,9
1,51.634507500000005,18.938622948392947,16.760067586595326,2010-05-06,FALSE,Excluded (no letters),Excluded,9
1,50.32814379,35.85112377136418,16.343887329282307,2015-05-08,FALSE,Excluded (no letters),Excluded,9
1,71.07144319999999,49.482261750968895,7.417289220917824,1997-05-01,FALSE,Included (letters sent),Included,4
1,56.63894373,13.53357405988985,15.073194473910819,2015-05-08,TRUE,Excluded (no letters),Excluded,2
2,62.052532670000005,35.583243402334936,8.947260112888053,2013-05-03,TRUE,Included (letters sent),Included,1
1,60.29473415,0.0662633862727914,12.880009485416172,2015-05-08,FALSE,Excluded (no letters),Excluded,8
2,49.41218119,24.52508368334648,19.330748075440436,1997-05-01,TRUE,Excluded (no letters),Excluded,8
1,55.07458096,21.190481235828866,12.778238055785696,1983-06-09,FALSE,Excluded (no letters),Excluded,6
1,46.29283656,6.076403369755609,14.28438414471934,2017-06-09,FALSE,Excluded (no letters),Excluded,2
1,60.299599,26.7883867105657,15.880597779456773,2010-05-06,TRUE,Excluded (no letters),Excluded,8
1,57.46250827,14.885216855404051,15.528886973932659,2010-05-06,FALSE,Excluded (no letters),Excluded,5
1,64.69043246,24.252603291904602,12.377628856428153,2010-05-06,TRUE,Excluded (no letters),Excluded,5
1,65.24281719,44.479445890156335,12.33591447779663,2010-05-06,TRUE,Excluded (no letters),Excluded,5
2,59.2907293,19.040440916692184,10.549079879765516,2010-05-06,TRUE,Excluded (no letters),Excluded,2
1,57.03690856,6.864394753380501,13.796126564118913,2010-05-06,FALSE,Excluded (no letters),Excluded,6
1,32.19611271,0.299862225463976,NA,2017-06-09,FALSE,Excluded (no letters),Excluded,11
2,46.78932179,34.8473907182746,18.337375964718852,1992-04-09,FALSE,Excluded (no letters),Excluded,2
2,66.32496941,20.39502936977838,9.277821998569944,2010-05-06,FALSE,Excluded (no letters),Excluded,1
2,57.76439166,1.6498216409036859,14.991291366011444,2017-06-09,FALSE,Excluded (no letters),Excluded,1
2,64.84664776,11.757429476542464,10.180151056513944,2017-02-24,FALSE,Excluded (no letters),Excluded,5
2,72.12358560999999,5.645431484229168,6.818299502899751,2015-05-08,FALSE,Excluded (no letters),Excluded,5
1,71.10740622,1.590309426721036,7.843681093899512,2017-06-09,FALSE,Excluded (no letters),Excluded,5
1,57.53522217,34.96762072273745,16.700312766562412,1984-05-03,FALSE,Excluded (no letters),Excluded,5
1,63.663983280000004,16.23846398642198,11.660690334765828,2010-05-06,TRUE,Excluded (no letters),Excluded,5
1,51.00166754999999,41.01845625046701,20.027901181059704,2010-05-06,TRUE,Excluded (no letters),Excluded,5
2,20.53967406,47.10995608925531,39.42824824995731,2010-05-06,FALSE,Excluded (no letters),Excluded,7
2,48.905485459999994,39.26002669801359,16.062553501386244,2010-05-06,FALSE,Excluded (no letters),Excluded,2
2,45.86215909,1.0765325310267018,18.923485692595904,1997-05-01,TRUE,Included (letters sent),Included,9
1,54.89119115,30.40301464864482,14.437680471005887,2010-05-06,FALSE,Included (letters sent),Included,6
1,55.21257568,27.571718841478116,14.530522659849016,2010-05-06,TRUE,Excluded (no letters),Excluded,6
1,54.02620066,32.72609938231769,13.754137807261271,2015-05-08,FALSE,Excluded (no letters),Excluded,6
1,63.24870026,32.974529432226646,10.850293148271023,2010-05-06,TRUE,Excluded (no letters),Excluded,6
2,59.93816529,22.16089202190153,12.348972414288106,2010-05-06,FALSE,Included (letters sent),Included,1
1,54.199342800000004,40.393223316386,18.49819868610045,2010-05-06,TRUE,Included (letters sent),Included,8
1,51.85155398,43.137560098232505,20.090118632731368,2005-05-05,TRUE,Excluded (no letters),Excluded,8
1,40.74971314,35.72610537463595,28.03501497350841,2005-05-05,TRUE,Included (letters sent),Included,8
1,46.44059275,31.920106438213914,19.52470748076225,1983-06-09,FALSE,Excluded (no letters),Excluded,8
1,51.28387875,24.43332691937656,21.554683030838838,2015-05-08,FALSE,Excluded (no letters),Excluded,7
1,51.67437686,29.01925914714896,21.344036225172378,1987-06-11,FALSE,Included (letters sent),Included,5
2,61.79255368,37.452714809863764,9.768537897462133,2015-05-08,TRUE,Excluded (no letters),Excluded,10
2,43.40078475,28.42658655651521,18.867924528301888,1997-05-01,FALSE,Excluded (no letters),Excluded,10
1,57.28561384,15.17910801114531,10.785966884470362,2010-05-06,TRUE,Excluded (no letters),Excluded,9
1,51.653094089999996,4.805835657584209,14.222589103622415,2010-05-06,TRUE,Excluded (no letters),Excluded,9
1,65.99235865,26.208872850774785,9.601849206555334,2010-05-06,FALSE,Included (letters sent),Included,5
1,45.631558160000004,30.10627901294894,24.768831917038746,2010-05-06,TRUE,Included (letters sent),Included,2
1,52.92471057,25.196263460897978,14.934135324995285,2015-05-08,TRUE,Excluded (no letters),Excluded,9
1,66.19103401999999,1.611242894866401,9.09256687567507,2015-05-08,FALSE,Excluded (no letters),Excluded,5
1,53.64874667,38.20662108184957,16.477757314314672,1997-05-01,FALSE,Excluded (no letters),Excluded,9
1,65.18256162,22.220382824624934,9.232452670990877,1983-06-09,FALSE,Excluded (no letters),Excluded,8
1,61.69104703,12.837416839185579,11.775526628428354,2015-05-08,FALSE,Excluded (no letters),Excluded,8
1,56.43278105,33.97343059951009,15.500234852043212,2015-05-08,FALSE,Excluded (no letters),Excluded,3
1,52.1900806,23.813375419214836,15.187796550042126,2015-05-08,FALSE,Excluded (no letters),Excluded,9
1,70.25530969,0.6855439642324889,10.10073994829277,2010-05-06,TRUE,Excluded (no letters),Excluded,6
1,57.8205268,34.24889734497968,12.972799763369034,2010-05-06,FALSE,Excluded (no letters),Excluded,9
1,52.857431909999995,41.30950498181243,18.53992200984466,2015-05-08,FALSE,Excluded (no letters),Excluded,8
2,25.58758409,26.573378487562533,44.08669222219702,2016-06-17,TRUE,Included (letters sent),Included,7
1,62.453668009999994,27.910657755891666,9.566891716757798,2015-05-08,TRUE,Excluded (no letters),Excluded,9
2,60.77521646,26.64654297535715,9.156630188909947,2015-05-08,TRUE,Excluded (no letters),Excluded,10
1,53.89136358,26.809230157151383,15.880847169190728,2010-05-06,FALSE,Excluded (no letters),Excluded,9
2,23.77702633,70.09465129005451,22.791778444845573,2000-06-22,FALSE,Excluded (no letters),Excluded,7
1,45.85036987,6.694087948170248,18.046890655266846,2010-05-06,TRUE,Excluded (no letters),Excluded,9
1,44.646337190000004,30.373185264439485,22.847757271695635,2005-05-05,TRUE,Excluded (no letters),Excluded,8
3,33.31585769,14.726203047216774,39.65003557452864,1997-05-01,FALSE,Excluded (no letters),Excluded,7
2,47.637004090000005,20.517781138977803,18.471620570920805,1997-05-01,FALSE,Included (letters sent),Included,1
2,59.52071882,37.161797579588374,11.645114857068082,2010-05-06,TRUE,Included (letters sent),Included,1
1,57.1873736,10.78082837195357,19.03756756426994,2001-06-07,FALSE,Excluded (no letters),Excluded,7
2,56.55908168,6.149829386826595,10.185009241824872,1997-05-01,TRUE,Included (letters sent),Included,10
1,52.55067009,4.076845750027924,15.553360184411178,2010-05-06,TRUE,Excluded (no letters),Excluded,10
2,22.42839619,36.790087569492385,42.810593167572954,1989-06-15,FALSE,Included (letters sent),Included,7
2,62.765067249999994,4.7014086941491655,10.97107438016529,2005-05-05,FALSE,Excluded (no letters),Excluded,3
2,49.92311963,48.228651789961326,10.463301802112822,1992-04-09,FALSE,Excluded (no letters),Excluded,2
1,74.18521817,6.823547930111758,5.966502890957952,2017-06-09,FALSE,Excluded (no letters),Excluded,5
2,61.635275869999994,20.17607551279724,10.67143288956644,2010-05-06,TRUE,Excluded (no letters),Excluded,5
2,33.48858552,66.50395696155205,23.999488110195912,2010-05-06,FALSE,Included (letters sent),Included,7
2,56.28990700999999,24.57954491920667,10.953355883923804,2010-05-06,TRUE,Excluded (no letters),Excluded,1
1,46.45965101,27.3261847111726,23.347526715229147,2005-05-05,FALSE,Excluded (no letters),Excluded,8
2,61.62753511,40.99636870118888,11.685566288674226,1982-10-28,FALSE,Excluded (no letters),Excluded,5
2,58.074391049999996,19.749778428179813,12.185876194282914,1997-05-01,FALSE,Excluded (no letters),Excluded,2
2,51.11005434,4.111621904992338,19.095670391061454,2017-06-09,FALSE,Excluded (no letters),Excluded,2
2,41.64027399,2.2310609564332626,26.4690490430622,2017-06-09,FALSE,Excluded (no letters),Excluded,5
1,67.76303004,18.038068591292554,9.43757121927397,2015-05-08,FALSE,Excluded (no letters),Excluded,5
2,61.851332400000004,31.89234485138266,7.987397815436288,2005-05-05,TRUE,Included (letters sent),Included,1
1,51.15197788,3.569356765057158,21.086427367748612,2010-05-06,TRUE,Excluded (no letters),Excluded,6
1,63.41421905,17.494399513991723,7.392696229547072,2010-05-06,FALSE,Excluded (no letters),Excluded,6
1,52.77483489,39.077798359354325,16.681420758400737,2015-05-08,TRUE,Excluded (no letters),Excluded,8
2,50.55283696,7.760851955031316,16.27444340980276,2017-06-09,TRUE,Excluded (no letters),Excluded,2
1,63.01966543,23.40345604808415,10.168592313133695,2005-05-05,FALSE,Included (letters sent),Included,4
1,53.63034818,12.461581447331657,14.5071317610507,2015-05-08,FALSE,Included (letters sent),Included,9
1,52.822556109999994,14.261936557703844,20.22327029413131,2005-05-05,FALSE,Excluded (no letters),Excluded,6
2,70.27929536,33.68375543268027,6.937659544141085,1997-05-01,TRUE,Included (letters sent),Included,3
2,68.17501793000001,19.72735178269988,8.217232226128129,2001-06-07,TRUE,Excluded (no letters),Excluded,5
2,68.67089363,12.356624369701336,6.758341930833699,2000-11-23,FALSE,Excluded (no letters),Excluded,5
2,47.96501844,60.54226790538314,23.273836348419493,2005-05-05,TRUE,Excluded (no letters),Excluded,7
2,33.654802769999996,26.589675482157293,41.47882851461233,1997-05-01,FALSE,Included (letters sent),Included,7
3,47.05617359,1.5032793545765861,19.894698313483683,2005-05-05,FALSE,Included (letters sent),Included,2
1,57.20144602,20.462642914118586,10.911710614171753,2005-05-05,TRUE,Excluded (no letters),Excluded,9
2,62.958890690000004,33.71124479407682,10.18763197586727,2010-05-06,FALSE,Excluded (no letters),Excluded,2
1,50.30214983,42.596730346702415,18.773126978543793,1997-05-01,FALSE,Excluded (no letters),Excluded,9
1,56.88136727999999,33.47153476648828,13.055974070369572,2001-06-07,TRUE,Excluded (no letters),Excluded,9
1,29.36939468,10.910996390171952,45.49402960505489,2005-05-05,TRUE,Excluded (no letters),Excluded,7
1,39.63737859,17.494226327944574,28.157300551931762,2010-05-06,TRUE,Excluded (no letters),Excluded,8
1,46.65907704,41.512583223604906,26.19024198308086,2005-05-05,FALSE,Excluded (no letters),Excluded,8
2,46.54894164,18.415753955083527,16.82927647019379,2010-05-06,FALSE,Excluded (no letters),Excluded,2
2,44.69019958,12.206775727514731,18.660904116273397,2015-05-08,TRUE,Excluded (no letters),Excluded,2
1,60.46842975,37.86681830182165,12.375013887345851,2010-05-06,FALSE,Excluded (no letters),Excluded,6
1,46.34465746,34.86303280975594,20.87396849212303,2016-10-20,FALSE,Excluded (no letters),Excluded,8
1,44.25193357,30.271874886869636,26.193885884037734,2010-05-06,FALSE,Excluded (no letters),Excluded,8
1,42.69408892,31.492712347126822,27.794282861066034,1987-06-11,FALSE,Excluded (no letters),Excluded,8
2,67.70525193,12.564369453270515,7.772397094430993,2010-05-06,FALSE,Excluded (no letters),Excluded,5
2,68.1449563,23.45196121639489,7.9283301848989645,2005-05-05,FALSE,Excluded (no letters),Excluded,5
2,54.367502079999994,5.159873423699995,18.253525159258462,2017-06-09,FALSE,Excluded (no letters),Excluded,5
1,53.67724331,4.877195029461525,16.983223524429885,2010-05-06,TRUE,Excluded (no letters),Excluded,5
1,59.386528240000004,42.342391403002416,14.803803470282183,2015-05-08,FALSE,Excluded (no letters),Excluded,5
1,52.51939236,37.76805794124417,19.571178605938734,2010-05-06,TRUE,Excluded (no letters),Excluded,5
2,61.01018397,9.417890392552069,10.46148160694763,2015-05-08,TRUE,Excluded (no letters),Excluded,2
2,59.79113324000001,18.35809123176022,11.448580248488405,2005-05-05,TRUE,Excluded (no letters),Excluded,2
1,53.681448210000006,9.612741683453509,12.25407747196738,1997-05-01,FALSE,Excluded (no letters),Excluded,8
1,56.01651912,22.18226519641121,12.248269647170734,1975-06-26,FALSE,Excluded (no letters),Excluded,8
1,59.322313199999996,19.312238757748926,12.811984569457888,2005-05-05,FALSE,Excluded (no letters),Excluded,5
2,57.57425456000001,5.220563091302862,12.997936284966096,2001-06-07,FALSE,Excluded (no letters),Excluded,10
1,48.46191607,12.296936047707177,21.22014043258883,2010-05-06,FALSE,Excluded (no letters),Excluded,8
1,54.198866300000006,23.261026478744824,17.8770496238974,2005-05-05,TRUE,Excluded (no letters),Excluded,2
1,63.14547474,26.079133172954684,10.901588865623847,2010-05-06,FALSE,Excluded (no letters),Excluded,5
2,49.64809917,32.59608253718972,16.60118699322912,2014-02-13,TRUE,Excluded (no letters),Excluded,2
1,59.86554456,24.784526294525623,10.89049063661869,2015-05-08,FALSE,Excluded (no letters),Excluded,9
2,50.942004159999996,14.07391548692697,13.821039903264811,2001-06-07,FALSE,Excluded (no letters),Excluded,10
2,38.8206767,34.98907474382158,24.95742796812206,2015-05-08,TRUE,Excluded (no letters),Excluded,3
1,44.6677162,14.433977049123234,19.369732315287315,2010-05-06,FALSE,Excluded (no letters),Excluded,3
1,63.66218474000001,27.811550151975684,11.32766949858404,1983-06-09,FALSE,Excluded (no letters),Excluded,3
